{
    "myProfile": {
        "statusMessage": "\u2622\ufe0e\ufe0e \u205e b\ud835\udc34\ud835\udc47\ud835\udc40\ud835\udc34\ud835\udc41\u0f12\ud83e\udd87",
        "pictureStatus": "0hM1YSFhGwEh5kKjtWL5JtSVhvHHMTBBRWHExffEJ9RCpMGwAdDx9aehUtH34eTQBIWE0JLEJ9SyxM",
        "coverId": "sm9ba5ea11c74c47bbb24e16aaadb946bet0c5debf5-1596934072",
        "displayName": "\u062c\u06c1\u0627\u0643\u064f\u06c1\u0648\u0627\u0631 \u32e1"
    },
    "changeGroupPicture": [],
    "defaultReplyReader": "Sini kak @! temanin dedek \ud83d\ude25",
    "checkContact": false,
    "author_lineid": "You can add the author by line id, https://line.me/ti/p/~myyepz",
    "checkSticker": false,
    "autoRespondMention": {
        "status": false,
        "message": "Kenapa kak? @! Mau Tf kah? \ud83d\ude33"
    },
    "setKey": {
        "key": "",
        "status": false
    },
    "changePictureProfile": false,
    "changevp": false,
    "changeCoverProfile": false,
    "restartPoint": "u65129423a63f75ecae3ea189f9540054",
    "checkPost": true,
    "autoJoin": {
        "status": true,
        "ticket": false,
        "message": "ty for invite @!",
        "reply": true
    },
    "changeCoverPicture": false,
    "autoRespond": {
        "status": false,
        "message": "https://line.me/ti/p/~myyepz"
    },
    "greet": {
        "join": {
            "status": true,
            "message": "Selamat Datang Kak @! \ud83d\ude0d"
        },
        "leave": {
            "status": true,
            "message": "Bye bye @!"
        }
    },
    "autoRead": false,
    "copyright": "If you respect the author please don't remove this copyright\n\u00a9 2018 Hello World",
    "mimic": {
        "target": {
            "u3f844cd72c18c54434a1b4f2cd1550d6": false
        },
        "status": false
    },
    "autoAdd": {
        "status": false,
        "message": "cie nge add :v , minat order selfbot / bot protect add mybos https://line.me/ti/p/~myyepz",
        "reply": true
    }
}