{
    "myProfile": {
        "statusMessage": "",
        "pictureStatus": "0hk7RT8DioNBhvLR0qJA1LT1NoOnUYAzJQF00sd0ssay0QSHdKVE17LUwraHoWSSFOUE1yLUksantA",
        "coverId": "sm9b75ffd75f4f469180210e9654bc94e6t0c717695-1597383523",
        "displayName": "\u0639\u0644\u064a \u062d\u0645\u0627\u062f "
    },
    "changeGroupPicture": [],
    "defaultReplyReader": "\u0638\u2021\u0637\u00a7  @! temanin dedek \ud83d\ude25",
    "checkContact": false,
    "author_lineid": "You can add the author by line id, https://line.me/ti/p/~myyepz",
    "checkSticker": false,
    "autoRespondMention": {
        "status": false,
        "message": "\u0637\u00b4\u0637\u06be\u0637\u00b1\u0638\u0679\u0637\u00af \u0637\u00b9\u0638\u2026\u0637\u00b1\u0638\u0679  @! Mau Tf kah? \ud83d\ude33"
    },
    "setKey": {
        "key": "",
        "status": false
    },
    "changePictureProfile": false,
    "changevp": false,
    "changeCoverProfile": false,
    "restartPoint": "u8ed5967e373e635a75306ca66747363a",
    "checkPost": true,
    "autoJoin": {
        "status": true,
        "ticket": false,
        "message": "ty for invite @!",
        "reply": true
    },
    "changeCoverPicture": false,
    "autoRespond": {
        "status": false,
        "message": "https://line.me/ti/p/~arhaby"
    },
    "greet": {
        "join": {
            "status": false,
            "message": "\u0638\u2021\u0638\u201e\u0637\u00a7 \u0638\u2020\u0638\u02c6\u0637\u00b1\u0637\u06be @! \ud83d\ude0d"
        },
        "leave": {
            "status": true,
            "message": "Bye bye @!"
        }
    },
    "autoRead": false,
    "copyright": "If you respect the author please don't remove this copyright\n\u00a9 2018 Hello World",
    "mimic": {
        "target": {
            "u3f844cd72c18c54434a1b4f2cd1550d6": false
        },
        "status": false
    },
    "autoAdd": {
        "status": false,
        "message": "\u0637\u06be\u0638\u2026 \u0637\u00a7\u0637\u00b6\u0637\u00a7\u0638\u067e\u0637\u06be\u0638\u0192 \u0637\u00b9\u0638\u2020 \u0637\u00b7\u0637\u00b1\u0638\u0679\u0638\u201a \u0637\u00a8\u0638\u02c6\u0637\u06be \u0637\u00b3\u0638\u201e\u0638\u067e \u064b\u06ba\u2122\u201a",
        "reply": true
    }
}