{
	"result": [{
			"name": "Help",
			"link": "https://s19.directupload.net/images/191204/p826v3i5.gif",
			"linkliff": "line://app/1602687308-GXq4Vvk9?type=text&text=Help"
		},
        {
			"name": "New",
			"link": "https://s19.directupload.net/images/191204/hav9t2ql.gif",
			"linkliff": "line://app/1602687308-GXq4Vvk9?type=text&text=New"
		},
		{
			"name": "Media",
			"link": "https://s19.directupload.net/images/191204/zsiv9anf.gif",
			"linkliff": "line://app/1602687308-GXq4Vvk9?type=text&text=Media"
		},
		{
			"name": "Group",
            "link": "https://s19.directupload.net/images/191204/6jak9krh.gif",
			"linkliff": "line://app/1602687308-GXq4Vvk9?type=text&text=Group"
		},
		{
			"name": "Mention",
			"link": "https://s19.directupload.net/images/191204/ldo63ros.gif",
			"linkliff": "line://app/1602687308-GXq4Vvk9?type=text&text=Mention"
		},
		{
			"name": "Broadcast",
            "link": "https://s19.directupload.net/images/191204/unk98ktx.gif",
			"linkliff": "line://app/1602687308-GXq4Vvk9?type=text&text=Broadcast"
		},
		{
			"name": "About",
            "link": "https://s19.directupload.net/images/191204/f3sjzpx2.gif",
			"linkliff": "line://app/1602687308-GXq4Vvk9?type=text&text=About"
		},
		{
			"name": "Settings",
			"link": "https://s19.directupload.net/images/191205/e2f3yuz5.gif",
			"linkliff": "line://app/1602687308-GXq4Vvk9?type=text&text=Settings"
		
		}
	]
}
