{
    "myProfile": {
        "statusMessage": ",",
        "pictureStatus": "0heKWahsNdOmRqGCwEcbFFM1ZdNAkdNjwsEnx3UR8ZZFBAfXRhX3p8VxgYYAZPKiphBXhwUEwRY1dH",
        "coverId": "54bd3d4933224cd58288790d114e18c7",
        "displayName": "\u0641\u0651\u062e\u0650\u0645\u0650 \ud835\ude755\ud835\ude7c \ud80c\udce0"
    },
    "getReader": {
        "c07a3e3d2100aaef7fb8c18dc50a6cc95": [],
        "c8c00ec233417855a920fdfeb8d739086": []
    },
    "keyCommand": "khie ",
    "leaveMC": false,
    "leaveMessage": false,
    "leavePesan": "\u0644\u00b4\u0686\u0644\u00b4\u2021\u062a\u20ac\u062a\u0153\u0644\u00b4\u20ac\u062a\u2122\u0644\u00b4\u20ac @!, kenapa leave dari grup {gname}??",
    "mayhem": false,
    "mentionPesan": "Asw lo @!, Ngapain tag\" gw \u00f4\u20ac\u0153\u2026\u00f4\u20ac\u201e\u0192hmm\u00f4\u0688\u061f\u061f",
    "messageSticker": {
        "addName": null,
        "addStatus": false,
        "listSticker": {
            "addSticker": {
                "STKID": "34751037",
                "STKPKGID": "3204431",
                "STKVER": "1",
                "status": true
            },
            "leaveSticker": null,
            "mentionSticker": null,
            "readerSticker": null,
            "replySticker": null,
            "welcomeSticker": null
        }
    },
    "changeGroupPicture": [],
    "defaultReplyReader": "\u0638\u2021\u0637\u00a7  @! temanin dedek \ud83d\ude25",
    "checkContact": false,
    "pesanReader": "Thanks for coming to the group  :)\n@!,\n \u00e2\u20ac\u00a2 arhaby \u00e2\u20ac\u00a2",
    "author_lineid": "You can add the author by line id, https://line.me/ti/p/~arhaby",
    "checkSticker": false,
    "autoRespondMention": {
        "status": true,
        "message": "\u0627\u062d\u0628\u0643 \u0645\u0645\u0646\u0634\u0646 \u0644\u0635\u0628\u062d@!"
    },
    "readerPesan": "Thanks for coming to the group  :)\n@!,\n \u00e2\u20ac\u00a2 arhaby \u00e2\u20ac\u00a2",
    "setKey": {
        "key": "",
        "status": false
    },
    "changePictureProfile": false,
    "changevp": false,
    "changeCoverProfile": false,
    "restartPoint": "u8ed5967e373e635a75306ca66747363a",
    "checkPost": true,
    "autoJoin": {
        "status": true,
        "ticket": false,
        "message": "ty for invite @!",
        "reply": true
    },
    "changeCoverPicture": false,
    "autoRespond": {
        "status": false,
        "message": "https://line.me/ti/p/~arhaby"
    },
    "greet": {
        "join": {
            "status": false,
            "message": "\u0638\u2021\u0638\u201e\u0637\u00a7 \u0638\u2020\u0638\u02c6\u0637\u00b1\u0637\u06be @! \ud83d\ude0d"
        },
        "leave": {
            "status": true,
            "message": "Bye bye @!"
        }
    },
    "autoRead": false,
    "copyright": "If you respect the author please don't remove this copyright\n\u00a9 2018 Hello World",
    "mimic": {
        "target": {
            "u3f844cd72c18c54434a1b4f2cd1550d6": false
        },
        "status": false
    },
    "autoAdd": {
        "status": false,
        "message": "\u0637\u06be\u0638\u2026 \u0637\u00a7\u0637\u00b6\u0637\u00a7\u0638\u067e\u0637\u06be\u0638\u0192 \u0637\u00b9\u0638\u2020 \u0637\u00b7\u0637\u00b1\u0638\u0679\u0638\u201a \u0637\u00a8\u0638\u02c6\u0637\u06be \u0637\u00b3\u0638\u201e\u0638\u067e \u064b\u06ba\u2122\u201a",
        "reply": true
    }
}